Topic, Multiprocessing , Nearest Neighbors , Autonomou Cars , BD & Cloud Solutions , Multi Processing , Industry 4 0 , Monte Carlo , Database , Machine Translation , Knowledge Representation , AWS , Language Modeling , Supercomputers , Classification , Semi Supervised Learning , Unmanned Vehicle , Meta Learning , Self Supervised Learning , Unmanned Spacecraft , Decentralized Computing , SVM , Trees , Sentiment Analysis , Sentence Similarity , Regression , Multi-layer perceptron , Cyber Infrastructure , Pose Estimation , Auto Encoder , Deep Neural Netork , NLP , Automated Reasoning , Bert , Unsupervised Learning , Chatbot , Generative Adversarial Network , Audio Classification , Transformers & Attention , Autoencoder , Docker , Grid Computing , Text Classification , Clouds , Kernel Machine , 3D Print , Topic Modeling , RDBMS & SQL , Mobile Robots , Information Retrieval , Dynamic Programming , Inter Clouds , Image To Text , Encoder Decoder , Deep Learning , Neuromorphic Computing , Data Storage , Convolutional Networks , Automated Question Answering , Image Recognition , Reinforcement Learning , Face Detection , Photonic Computing , Tensor Processing Unit , Distributed Computing , Bayesian Inference , Distributed File System , Optimization Algorithm , Parallel Processing ,SVM , RNN , Fully Connected Layer , Voice Recognition , Markov , Feature Engineering , Back-propagation , Cluster Computing , Data Center , Semantic Search , Boosting , Robots , Genetic Algorithm , Edge Computing , Pattern Recognition , Search Algorithm , Humanoid Robots , Gesture Recognition , Data Intensive Computing , Text To Image , Dimensionality Reduction , Dynamic Cloud , UAM , Clustering , Statistical Learning , Image Classification , Token Classification , Fog Computing , Dew Computing , Text Similarity , Transfer Learning , Object Recognition , Feature Extraction , Expert System , Ensemble Modeling , Robotics , AI , Text Generation , NRDBMS & NoSQL , Hardware Acceleration , Bayesian Machine Learning , Machine Learning , AUV , Quantum Computing , Deep Learningbased , PaaS , Big Data , SaaS , Supervised Learning , Optical Computing , Manipulator , Text Embedding , Deep Neural Net , High Performance Computing , Boltzmann Machine , Computer Vision , Loss Functions , Data Science , IaaS , Data Mining , GPU , Image Segmentation , UGV , Entity Recognition , Loss Function 
 Multiprocessing ,0,0,0,2,1,0,0,1,0,2,0,0,2,2,0,0,0,0,0,0,0,0,0,0,0,0,0,0,0,0,0,0,0,0,0,0,0,0,0,2,1,0,3,0,0,0,0,2,3,0,0,0,0,0,0,0,0,0,0,0,0,0,0,1,0,1,0,5,0,0,0,0,4,0,1,0,1,0,0,4,0,0,0,1,0,0,0,0,0,0,2,1,0,0,0,0,0,0,0,3,2,0,0,5,7,0,0,0,0,0,0,0,0,0,2,0,0,0,0,0,0,13,0,1,0,0,0,1,2,0,0,0,0
 Nearest Neighbors ,0,0,0,4,0,0,3,54,0,1,0,0,3,435,6,0,2,0,0,0,257,103,1,0,107,65,0,2,1,0,4,1,0,6,0,2,0,0,1,0,3,3,0,0,0,0,0,3,15,1,0,0,0,18,0,0,21,0,4,1,1,0,0,3,1,0,9,0,0,2,1,8,0,2,26,0,0,0,8,23,27,0,141,19,2,9,0,0,51,0,2,55,5,29,0,0,0,0,2,19,80,3,0,16,195,0,0,0,0,217,5,14,0,0,20,0,26,0,0,0,0,0,0,20,1,1,0,68,0,28,3,0,1
 Autonomou Cars ,0,0,0,0,0,0,1,0,0,0,0,0,1,4,0,0,0,0,0,0,1,0,0,0,0,0,0,0,0,0,1,0,0,1,0,0,0,0,0,0,0,0,3,0,1,0,0,2,0,0,0,0,1,4,0,0,4,0,1,2,0,0,0,0,0,0,0,0,0,0,0,1,2,0,1,0,0,0,0,11,0,0,1,0,0,0,0,0,0,0,4,1,0,1,0,0,0,0,0,1,2,0,0,9,14,0,0,0,0,4,0,0,0,1,2,0,0,0,0,0,0,0,0,1,0,0,1,0,0,0,11,0,0
 BD & Cloud Solutions ,2,4,0,0,0,23,14,450,10,13,35,7,35,251,7,0,2,0,0,1,62,54,29,0,113,18,2,2,3,0,41,2,0,17,3,0,0,0,3,37,30,8,844,2,19,5,266,6,44,8,2,0,0,65,0,109,32,0,3,10,9,0,0,245,2,56,16,59,0,27,0,40,2,6,6,46,205,2,3,60,41,19,28,14,3,1,14,0,15,9,30,137,30,8,0,7,0,0,2,6,29,15,1,35,565,0,245,10,0,396,2,33,0,26,1501,25,27,1,1,3,0,87,0,14,3,35,73,232,5,10,4,4,3
 Multi Processing ,1,0,0,0,0,0,0,0,0,1,0,0,7,0,0,0,0,0,0,0,0,0,0,0,0,0,0,0,0,0,0,0,0,0,0,0,0,0,0,0,1,0,0,0,0,0,0,0,0,0,0,0,0,0,0,0,0,0,0,0,0,0,0,1,0,0,0,2,0,0,0,0,0,0,0,0,0,0,0,3,0,0,1,1,0,0,0,0,0,0,0,0,0,0,0,0,0,0,0,1,0,0,0,2,1,0,0,0,0,0,0,0,0,0,0,0,0,0,0,0,0,10,0,2,0,0,0,0,4,3,0,0,0
 Industry 4 0 ,0,0,0,23,0,0,6,41,0,12,2,0,0,72,1,2,0,0,0,0,15,6,0,0,26,5,0,2,0,0,1,2,0,4,0,0,0,0,3,3,0,0,169,0,38,0,8,17,4,2,0,0,0,45,0,11,17,0,2,5,1,0,0,4,0,0,1,4,0,5,0,1,6,1,0,0,10,0,0,292,25,24,10,1,3,3,0,0,4,0,32,17,2,4,0,24,1,0,1,6,10,8,0,185,324,0,4,0,0,110,0,0,0,1,288,2,4,0,30,0,0,2,0,14,0,8,2,25,1,0,7,1,0
 Monte Carlo ,0,3,1,14,0,6,0,74,1,2,0,0,101,133,0,1,0,0,0,0,45,39,3,0,147,39,0,29,0,0,0,0,0,12,0,9,0,0,4,0,10,0,48,4,32,0,0,133,9,9,0,0,0,84,3,4,55,0,5,65,2,0,0,18,85,0,8,6,0,16,1,10,183,1,15,2,28,1,1,261,65,4,74,46,14,3,0,0,31,0,50,50,18,8,0,1,0,0,4,43,31,16,0,142,384,0,0,8,1,250,17,48,0,0,63,2,20,0,27,0,0,118,4,31,0,3,2,41,18,54,15,0,4
 Database ,1,54,0,450,0,41,74,0,39,178,4,72,30,3163,37,3,11,0,0,0,1287,452,30,3,796,343,9,112,6,0,278,17,0,70,4,20,12,7,24,9,22,29,382,6,46,7,418,114,744,30,0,0,2,679,7,113,705,0,89,38,154,0,0,43,19,7,23,33,0,251,6,644,60,16,138,7,317,30,28,693,235,8,712,77,34,81,2,1,293,1,118,614,74,202,0,7,1,1,68,467,1270,419,9,707,3477,2,135,27,1,2000,19,34,1,16,846,26,180,1,28,6,1,86,9,428,4,42,10,1767,23,335,17,23,21
 Machine Translation ,0,0,0,10,0,0,1,39,0,4,0,155,0,74,0,0,1,0,0,0,16,3,16,2,11,3,0,0,0,0,229,1,1,2,4,0,0,14,1,0,1,14,0,0,0,2,1,2,99,5,0,0,14,36,0,1,12,2,3,2,0,0,0,0,1,0,1,0,0,52,1,155,2,3,0,3,0,5,0,4,3,0,35,12,0,2,0,0,0,0,1,13,0,0,0,0,0,3,3,2,3,0,0,0,438,9,0,1,0,70,0,0,0,0,4,0,4,0,0,5,0,0,0,1,0,0,0,9,0,1,0,10,5
 Knowledge Representation ,2,1,0,13,1,12,2,178,4,0,1,4,0,276,1,0,2,0,1,0,13,5,4,1,14,7,1,1,1,0,112,44,0,6,6,0,0,1,2,0,1,2,9,1,0,1,31,36,90,4,0,0,0,117,0,3,10,1,3,16,0,0,0,5,3,1,0,4,0,3,0,13,7,2,3,1,1,12,0,233,28,0,33,16,8,0,0,0,8,0,9,56,2,6,0,1,0,1,6,19,26,183,0,163,1555,0,7,0,0,139,1,0,0,1,32,1,11,0,3,1,0,2,0,26,0,4,0,113,1,9,2,1,1
 AWS ,0,0,0,35,0,2,0,4,0,1,0,0,0,5,0,0,1,0,0,0,2,1,0,0,1,0,0,0,0,0,0,0,0,1,2,0,0,0,0,5,0,0,89,0,0,0,0,1,0,0,0,0,0,4,0,0,3,0,0,0,0,0,0,8,0,0,1,0,0,1,0,0,1,1,0,1,14,0,0,7,0,1,0,0,0,0,0,0,1,0,6,1,0,0,0,1,0,0,0,1,0,0,0,3,20,0,0,3,0,15,0,0,0,3,21,3,0,0,1,0,0,5,0,1,1,1,2,2,3,0,0,0,0
 Language Modeling ,0,0,0,7,0,0,0,72,155,4,0,0,0,116,4,0,0,0,0,0,33,7,14,2,12,30,0,0,0,0,164,0,2,18,0,0,0,4,1,0,0,23,1,0,0,3,0,4,224,13,0,0,6,87,0,2,39,0,1,2,0,0,0,0,1,0,4,2,0,288,0,802,3,3,2,0,0,4,1,28,2,1,23,26,5,5,0,0,2,0,0,50,0,0,0,0,0,0,16,7,31,1,0,16,584,6,0,1,0,92,0,0,0,0,12,0,6,0,0,3,0,0,0,8,0,0,0,15,0,0,0,16,6
 Supercomputers ,2,3,1,35,7,0,101,30,0,0,0,0,0,40,2,0,0,0,0,0,13,3,0,0,14,3,3,0,0,0,1,0,1,3,1,0,0,0,4,1,83,0,69,0,4,0,0,3,1,4,0,0,0,12,0,15,11,0,0,2,0,0,0,69,4,8,1,51,0,0,0,0,12,0,4,17,78,0,0,13,17,5,5,11,1,0,3,0,1,0,6,23,0,2,0,0,0,0,0,4,2,3,0,20,120,0,4,20,0,45,0,27,0,1,89,0,1,1,1,0,0,405,0,4,0,3,5,16,63,0,0,0,0
 Classification ,2,435,4,251,0,72,133,3163,74,276,5,116,40,0,390,14,105,11,1,0,8094,3214,423,1,3518,1763,3,171,37,0,639,18,0,542,3,109,62,48,131,5,18,476,268,99,65,40,76,311,808,46,1,2,23,2961,16,39,3839,1,238,138,179,0,0,64,62,3,158,66,0,804,57,779,170,133,623,12,99,28,205,1700,956,31,4097,107,85,347,0,1,1363,3,721,2683,345,2372,1,18,0,8,348,1491,4824,533,35,1390,10572,2,14,47,8,10002,103,53,0,9,1039,15,1454,1,128,31,3,96,37,1591,52,88,11,3018,84,1402,79,56,136
 Semi Supervised Learning ,0,6,0,7,0,1,0,37,0,1,0,4,2,390,0,0,3,1,0,0,115,22,7,0,73,3,0,0,5,0,13,0,0,35,0,11,1,0,8,0,0,16,1,4,0,2,1,4,7,0,0,0,1,64,0,0,37,0,2,1,1,0,0,0,3,0,10,0,0,11,0,11,1,0,1,0,1,0,6,14,14,1,32,0,0,3,0,0,13,0,0,111,11,41,0,0,0,0,9,25,21,5,0,3,310,0,0,0,0,148,0,0,0,0,19,0,136,0,0,1,0,2,1,18,5,2,0,32,0,18,0,6,15
 Unmanned Vehicle ,0,0,0,0,0,2,1,3,0,0,0,0,0,14,0,0,0,0,0,0,3,0,0,0,2,2,0,5,0,0,0,0,0,0,0,0,0,0,0,0,0,0,0,0,2,0,0,13,0,1,0,0,0,2,0,0,4,0,0,1,0,0,0,0,0,0,0,0,0,2,0,0,1,0,0,0,0,0,0,48,8,0,4,1,0,0,0,0,1,0,163,4,0,0,0,0,0,0,0,6,0,1,0,69,55,0,0,0,0,5,35,1,0,0,3,0,1,0,3,0,0,0,0,8,0,0,0,1,0,5,34,0,0
 Meta Learning ,0,2,0,2,0,0,0,11,1,2,1,0,0,105,3,0,0,0,0,0,40,14,2,0,35,6,0,0,0,0,1,0,0,2,1,0,0,0,0,0,1,1,0,0,0,0,0,3,0,0,0,0,0,10,0,0,6,1,0,15,0,0,0,2,0,0,1,1,0,3,0,1,0,0,1,0,0,0,1,17,8,0,3,5,0,1,0,0,3,0,0,16,0,4,0,0,0,0,3,3,7,2,0,10,129,1,0,0,0,88,0,0,0,0,3,0,12,0,0,1,0,0,0,0,0,0,0,47,0,3,0,0,1
 Self Supervised Learning ,0,0,0,0,0,0,0,0,0,0,0,0,0,11,1,0,0,0,0,0,5,0,0,0,4,0,0,1,1,0,0,0,0,4,0,1,0,0,1,0,0,0,0,0,0,1,0,2,0,0,0,0,0,6,1,0,16,0,0,0,1,0,0,0,0,0,1,0,0,2,0,0,0,0,3,0,0,0,0,27,0,0,1,0,3,0,0,0,0,0,0,3,1,1,0,0,0,0,1,5,0,0,0,12,26,0,0,0,0,3,0,0,0,0,1,0,8,0,1,0,0,0,0,4,0,1,0,0,0,0,0,0,0
 Unmanned Spacecraft ,0,0,0,0,0,0,0,0,0,1,0,0,0,1,0,0,0,0,0,0,0,0,0,0,0,0,0,0,0,0,0,0,0,0,0,0,0,0,0,0,0,0,0,0,0,0,0,0,0,0,0,0,0,0,0,0,0,0,0,0,0,0,0,0,0,0,0,0,0,0,0,0,0,0,0,0,0,0,0,1,0,0,0,0,0,0,0,0,0,0,0,0,0,0,0,0,0,0,0,0,0,0,0,3,2,0,0,0,0,0,0,0,0,0,0,0,0,0,1,0,0,0,0,0,0,0,0,0,0,0,0,0,0
 Decentralized Computing ,0,0,0,1,0,0,0,0,0,0,0,0,0,0,0,0,0,0,0,0,0,0,0,0,0,0,0,0,0,0,0,0,0,0,0,0,0,0,0,0,1,0,9,0,0,0,0,0,0,0,0,0,0,0,0,1,0,0,0,3,0,0,0,1,0,0,0,0,0,0,0,0,0,0,0,0,1,0,0,0,2,6,0,0,0,0,0,0,0,0,0,0,0,0,0,5,0,0,0,0,0,0,0,0,3,0,0,0,0,2,0,0,0,0,1,0,0,0,0,0,0,2,0,0,0,0,0,0,0,0,0,0,0
 SVM ,0,257,1,62,0,15,45,1287,16,13,2,33,13,8094,115,3,40,5,0,0,0,1683,107,0,2240,1034,0,54,8,0,200,1,0,108,2,12,25,6,28,2,5,185,36,136,7,3,5,73,166,16,0,2,2,587,0,13,808,0,77,29,112,0,0,15,20,0,85,25,0,246,15,219,36,38,150,4,17,4,115,415,535,10,1252,36,24,141,0,2,604,0,193,573,331,887,0,2,0,3,76,429,1822,103,20,269,3369,2,1,13,2,5465,17,12,0,2,256,2,622,0,13,14,0,36,17,450,21,29,3,832,30,273,16,26,46
 Trees ,0,103,0,54,0,6,39,452,3,5,1,7,3,3214,22,0,14,0,0,0,1683,0,14,0,1519,183,0,48,1,0,31,4,0,22,2,2,1,0,13,2,0,14,23,2,1,1,0,7,20,4,0,0,2,267,0,2,264,0,8,1,9,0,0,7,8,0,20,4,0,67,2,15,18,21,14,0,7,0,149,62,91,1,121,11,2,18,0,0,166,2,121,227,54,167,0,1,0,0,19,72,313,23,21,39,896,0,2,0,1,2494,5,0,0,1,151,0,168,0,2,1,0,7,1,75,3,17,1,353,4,117,4,2,9
 Sentiment Analysis ,0,1,0,29,0,0,3,30,16,4,0,14,0,423,7,0,2,0,0,0,107,14,0,0,52,8,0,0,1,0,303,0,0,8,3,0,0,9,1,1,0,45,7,0,0,31,1,0,40,1,0,0,0,72,0,1,58,1,1,3,0,0,0,3,0,1,2,0,0,50,3,6,2,5,5,0,1,1,3,10,9,0,4,1,4,1,0,0,3,0,0,34,5,3,0,0,0,0,10,1,31,6,1,2,446,0,2,0,1,285,0,0,0,0,125,1,32,0,0,12,0,1,0,4,4,6,0,79,0,0,0,15,1
 Sentence Similarity ,0,0,0,0,0,0,0,3,2,1,0,2,0,1,0,0,0,0,0,0,0,0,0,0,1,0,0,0,0,0,6,0,0,0,0,0,0,0,0,0,0,0,0,0,0,0,0,0,0,0,0,0,0,5,0,0,2,0,0,0,0,0,0,0,0,0,0,0,0,3,0,2,0,0,0,0,0,0,0,0,0,0,0,0,0,0,0,0,0,0,0,0,0,0,0,0,0,0,0,0,0,0,0,0,6,0,0,0,0,3,0,0,0,0,0,0,2,0,0,0,0,0,0,0,0,0,0,0,0,0,0,0,0
 Regression ,0,107,0,113,0,26,147,796,11,14,1,12,14,3518,73,2,35,4,0,0,2240,1519,52,1,0,883,1,121,5,0,77,3,0,70,0,11,2,5,24,1,3,27,58,48,35,6,8,48,87,14,0,0,5,548,5,11,458,0,19,123,13,0,0,11,65,1,82,7,0,213,13,180,115,26,307,6,67,0,149,618,452,3,552,29,39,15,0,0,472,1,150,445,280,166,0,5,0,0,60,127,391,135,28,502,2283,1,2,3,6,3667,19,4,1,2,471,3,377,2,42,3,0,36,5,295,33,57,5,1004,21,115,9,1,71
 Multi-layer perceptron ,0,65,0,18,0,5,39,343,3,7,0,30,3,1763,3,2,6,0,0,0,1034,183,8,0,883,0,0,9,4,0,9,5,0,25,0,5,4,2,19,0,2,6,4,2,0,0,1,24,12,3,0,0,2,249,1,0,276,0,9,43,14,0,0,5,8,0,60,10,0,217,12,262,16,3,566,0,6,0,20,84,286,5,293,13,4,31,0,0,219,0,23,142,28,54,0,0,0,0,4,28,345,30,8,34,1617,0,2,3,0,712,0,0,0,0,30,0,131,0,23,2,0,5,5,33,1,2,0,180,2,32,1,1,7
 Cyber Infrastructure ,0,0,0,2,0,0,0,9,0,1,0,0,3,3,0,0,0,0,0,0,0,0,0,0,1,0,0,0,0,0,0,0,0,1,0,0,0,0,0,0,7,0,14,0,0,0,2,0,1,0,0,0,0,0,0,4,0,0,0,0,0,0,0,6,0,0,0,0,0,0,0,0,0,0,0,0,2,0,0,0,2,0,0,0,0,0,1,0,1,0,0,1,0,0,0,0,0,0,0,0,2,0,0,2,6,0,0,0,0,1,0,0,0,1,17,1,0,0,0,0,0,5,0,1,0,0,1,5,0,0,0,0,0
 Pose Estimation ,0,2,0,2,0,2,29,112,0,1,0,0,0,171,0,5,0,1,0,0,54,48,0,0,121,9,0,0,1,0,2,0,0,6,0,2,0,0,4,1,0,0,1,0,2,0,0,117,0,4,0,0,4,109,0,0,159,0,3,3,39,0,0,0,3,0,10,3,0,15,0,4,4,0,2,0,1,0,1,481,12,0,25,10,21,30,0,0,17,0,133,29,1,8,0,0,0,0,8,282,78,3,0,312,1094,0,0,5,0,40,43,0,0,0,2,0,10,0,47,0,0,0,0,302,0,0,0,3,7,24,16,0,15
 Auto Encoder ,0,1,0,3,0,0,0,6,0,1,0,0,0,37,5,0,0,1,0,0,8,1,1,0,5,4,0,1,0,0,0,0,0,14,0,8,0,0,9,0,0,1,0,0,0,0,0,0,2,0,0,0,1,61,0,0,27,0,0,5,0,0,0,0,0,0,1,0,0,16,0,5,1,2,1,0,0,0,1,3,1,0,3,0,0,0,0,0,5,0,0,3,0,1,0,1,0,0,2,3,15,0,0,6,31,0,0,0,0,26,0,0,0,0,2,0,4,0,0,0,0,0,3,7,2,0,0,1,0,0,1,0,3
 Deep Neural Netork ,0,0,0,0,0,0,0,0,0,0,0,0,0,0,0,0,0,0,0,0,0,0,0,0,0,0,0,0,0,0,0,0,0,0,0,0,0,0,0,0,0,0,0,0,0,0,0,0,0,0,0,0,0,2,0,0,0,0,0,0,0,0,0,0,0,0,0,0,0,0,0,0,0,0,0,0,0,0,0,0,0,0,0,0,0,1,0,0,0,0,0,0,0,0,0,0,0,0,0,0,0,0,0,0,0,0,0,0,0,0,0,0,0,0,0,0,0,0,0,0,0,0,0,0,0,0,0,0,0,0,0,0,0
 NLP ,0,4,1,41,0,1,0,278,229,112,0,164,1,639,13,0,1,0,0,0,200,31,303,6,77,9,0,2,0,0,0,11,0,27,26,1,0,21,10,3,3,99,18,3,2,28,19,9,514,7,0,2,6,256,0,9,114,4,16,11,3,0,0,1,3,0,3,3,0,159,0,171,6,32,7,1,1,46,9,85,25,1,22,11,7,2,0,1,19,0,7,174,9,11,0,0,0,9,18,18,60,36,2,40,1609,16,6,2,1,861,0,0,0,1,148,0,55,0,4,44,0,3,1,61,5,11,0,193,1,5,5,208,11
 Automated Reasoning ,0,1,0,2,0,2,0,17,1,44,0,0,0,18,0,0,0,0,0,0,1,4,0,0,3,5,0,0,0,0,11,0,0,0,0,0,0,0,0,0,0,0,3,0,0,0,0,2,4,1,0,0,0,12,0,0,0,0,0,0,0,0,0,2,0,0,0,0,0,2,0,0,1,0,0,0,0,1,0,10,1,0,1,2,0,1,0,0,0,0,1,1,0,0,0,0,0,0,0,0,1,5,0,8,155,0,0,0,0,28,0,0,0,0,2,0,0,0,0,0,0,0,0,0,0,0,0,4,0,0,0,0,0
 Bert ,0,0,0,0,0,0,0,0,1,0,0,2,1,0,0,0,0,0,0,0,0,0,0,0,0,0,0,0,0,0,0,0,0,0,0,0,0,0,0,0,0,0,0,0,0,0,0,0,0,0,0,0,0,1,0,0,0,0,0,0,0,0,0,0,0,0,0,0,0,0,0,0,0,0,1,0,0,0,0,1,0,0,0,0,0,0,0,0,0,0,0,0,0,0,0,0,0,0,2,0,0,0,0,0,2,0,0,0,0,0,0,0,0,0,1,0,0,0,0,0,0,0,0,0,0,0,0,0,0,0,0,1,0
 Unsupervised Learning ,0,6,1,17,0,4,12,70,2,6,1,18,3,542,35,0,2,4,0,0,108,22,8,0,70,25,1,6,14,0,27,0,0,0,0,29,2,3,41,1,1,8,3,4,0,8,1,19,23,8,0,0,0,133,14,2,60,0,8,39,2,0,0,6,6,0,16,1,0,43,2,39,11,8,25,0,3,0,4,94,33,3,97,5,10,7,0,0,81,0,13,634,18,23,0,2,0,0,8,63,96,5,0,55,702,1,0,1,1,300,2,0,0,0,48,0,228,0,2,8,0,3,21,37,4,3,0,99,2,35,1,7,11
 Chatbot ,0,0,0,3,0,0,0,4,4,6,2,0,1,3,0,0,1,0,0,0,2,2,3,0,0,0,0,0,0,0,26,0,0,0,0,0,0,2,0,0,0,0,2,0,0,0,0,0,5,0,0,0,2,11,0,0,1,1,0,0,0,0,0,0,0,0,0,0,0,13,0,2,0,0,0,0,0,0,0,10,0,0,2,0,1,0,0,0,0,0,0,0,0,1,0,0,0,0,0,0,1,0,0,6,134,2,2,0,0,18,0,0,0,0,1,0,0,0,0,1,0,0,0,0,0,1,0,1,0,0,0,0,0
 Generative Adversarial Network ,0,2,0,0,0,0,9,20,0,0,0,0,0,109,11,0,0,1,0,0,12,2,0,0,11,5,0,2,8,0,1,0,0,29,0,0,0,5,17,0,0,0,0,0,5,0,0,5,8,0,0,0,5,308,0,1,202,0,1,4,3,0,0,0,2,0,8,0,0,22,3,3,2,2,1,0,2,0,3,11,0,0,4,4,2,2,0,3,3,0,13,9,1,18,0,0,0,0,14,10,20,0,0,15,192,0,0,0,0,105,1,14,0,0,6,0,15,0,2,0,0,9,0,46,20,1,0,3,3,16,4,0,32
 Audio Classification ,0,0,0,0,0,0,0,12,0,0,0,0,0,62,1,0,0,0,0,0,25,1,0,0,2,4,0,0,0,0,0,0,0,2,0,0,0,0,1,0,0,0,0,0,0,0,0,0,10,0,0,0,0,13,0,1,16,0,3,0,0,0,0,0,0,0,0,0,0,7,0,13,0,0,1,0,0,1,0,4,1,0,6,0,1,0,0,0,1,0,0,2,0,0,0,0,0,0,3,0,22,1,0,5,24,0,0,1,0,20,0,0,0,0,1,0,2,0,0,0,0,0,0,1,0,0,0,1,0,0,0,0,0
 Transformers & Attention ,0,0,0,0,0,0,0,7,14,1,0,4,0,48,0,0,0,0,0,0,6,0,9,0,5,2,0,0,0,0,21,0,0,3,2,5,0,0,2,0,0,2,0,0,0,0,0,14,3,0,0,0,7,68,0,0,80,0,5,3,1,0,0,0,1,0,4,0,0,62,1,13,0,2,2,0,1,0,0,52,0,0,5,0,8,0,0,0,1,0,4,1,0,3,0,0,0,0,2,36,10,0,0,30,92,0,0,0,0,14,0,0,0,0,5,0,7,0,0,0,0,0,0,22,0,0,0,1,1,2,0,3,2
 Autoencoder ,0,1,0,3,0,3,4,24,1,2,0,1,4,131,8,0,0,1,0,0,28,13,1,0,24,19,0,4,9,0,10,0,0,41,0,17,1,2,0,0,0,1,1,1,0,1,0,4,3,0,0,0,4,250,0,1,71,0,1,4,0,0,0,2,1,0,3,2,0,52,3,10,1,7,6,0,4,0,3,14,4,0,8,2,2,2,0,0,15,0,4,21,2,9,0,0,0,0,13,9,55,0,0,10,100,0,0,0,0,83,1,0,0,0,7,0,12,0,0,2,0,3,7,13,1,1,0,6,1,4,1,0,8
 Docker ,2,0,0,37,0,3,0,9,0,0,5,0,1,5,0,0,0,0,0,0,2,2,1,0,1,0,0,1,0,0,3,0,0,1,0,0,0,0,0,0,2,0,121,0,1,0,4,0,0,0,0,0,0,7,0,2,7,0,0,1,0,0,0,10,0,0,0,0,0,0,0,0,0,0,0,2,24,0,0,13,1,24,0,0,0,0,0,0,1,0,4,1,0,0,0,16,0,0,0,1,2,0,0,5,13,0,2,0,0,14,0,0,0,7,29,5,0,0,0,0,0,15,0,1,0,2,7,3,0,0,3,0,1
 Grid Computing ,1,3,0,30,1,0,10,22,1,1,0,0,83,18,0,0,1,0,0,1,5,0,0,0,3,2,7,0,0,0,3,0,0,1,0,0,0,0,0,2,0,2,219,0,0,0,1,2,10,1,0,0,0,1,0,14,0,0,0,6,0,0,0,98,0,1,1,7,0,0,0,0,1,0,1,13,41,1,0,5,14,2,2,0,0,0,1,0,0,0,0,12,0,1,0,0,0,0,0,2,3,6,0,1,66,0,1,1,0,23,0,4,0,8,34,10,1,0,0,0,0,131,0,3,0,4,14,50,3,0,0,1,0
 Text Classification ,0,3,0,8,0,0,0,29,14,2,0,23,0,476,16,0,1,0,0,0,185,14,45,0,27,6,0,0,1,0,99,0,0,8,0,0,0,2,1,0,2,0,2,0,0,7,2,0,71,1,0,1,0,34,0,0,32,0,1,1,1,0,0,3,1,0,3,0,0,16,0,11,3,7,1,1,0,3,5,1,11,0,6,0,0,0,0,0,4,0,0,49,1,6,0,0,0,4,9,1,22,0,0,3,290,1,0,0,0,197,0,0,0,0,18,0,31,0,0,10,0,1,0,2,4,1,0,41,1,0,0,4,0
 Clouds ,3,0,3,844,0,169,48,382,0,9,89,1,69,268,1,0,0,0,0,9,36,23,7,0,58,4,14,1,0,0,18,3,0,3,2,0,0,0,1,121,219,2,0,0,17,4,95,23,37,13,4,0,0,85,0,298,40,0,7,62,6,0,0,318,3,39,0,68,0,15,1,17,59,4,2,34,1394,8,1,165,136,424,15,19,4,1,20,0,22,45,72,118,3,8,0,384,8,0,2,11,28,19,1,164,939,0,105,48,0,318,6,5,0,295,1164,409,7,0,2,1,0,272,0,36,1,17,594,165,41,8,11,2,0
 Kernel Machine ,0,0,0,2,0,0,4,6,0,1,0,0,0,99,4,0,0,0,0,0,136,2,0,0,48,2,0,0,0,0,3,0,0,4,0,0,0,0,1,0,0,0,0,0,0,0,0,0,1,0,0,0,0,10,0,0,1,0,1,2,0,0,0,1,1,0,4,0,0,3,0,0,2,0,4,0,0,0,1,5,4,0,17,0,0,3,0,0,10,0,1,9,11,11,0,0,0,0,0,2,14,0,0,1,104,0,0,0,0,51,0,0,0,0,6,0,6,1,0,0,0,0,0,3,0,0,0,4,0,0,0,0,4
 3D Print ,0,0,1,19,0,38,32,46,0,0,0,0,4,65,0,2,0,0,0,0,7,1,0,0,35,0,0,2,0,0,2,0,0,0,0,5,0,0,0,1,0,0,17,0,0,0,0,14,3,2,0,0,0,13,0,1,5,0,1,1,0,0,0,1,0,0,3,0,0,1,0,1,1,4,0,0,0,1,1,352,24,1,4,1,25,4,0,0,6,0,89,7,0,0,0,0,0,0,1,0,12,0,0,402,180,0,0,0,0,96,6,1,0,0,23,1,0,0,40,0,0,0,0,13,0,1,0,4,2,25,1,0,6
 Topic Modeling ,0,0,0,5,0,0,0,7,2,1,0,3,0,40,2,0,0,1,0,0,3,1,31,0,6,0,0,0,0,0,28,0,0,8,0,0,0,0,1,0,0,7,4,0,0,0,0,0,27,0,0,0,0,9,0,1,4,0,0,2,0,0,0,1,2,0,1,0,0,1,0,3,3,1,0,1,0,0,0,2,2,0,2,0,0,0,0,0,2,0,0,24,0,2,0,0,0,0,1,2,1,2,0,0,48,0,2,0,0,54,0,0,0,0,40,0,2,0,0,3,0,0,0,2,0,4,0,19,0,0,1,4,0
 RDBMS & SQL ,0,0,0,266,0,8,0,418,1,31,0,0,0,76,1,0,0,0,0,0,5,0,1,0,8,1,2,0,0,0,19,0,0,1,0,0,0,0,0,4,1,2,95,0,0,0,0,7,59,0,0,0,0,11,0,34,0,0,2,3,1,0,0,12,0,2,1,13,0,6,0,1,2,0,5,2,23,3,0,11,3,5,8,2,0,0,1,0,5,0,1,30,0,6,0,1,0,0,0,4,8,29,0,10,200,0,93,4,0,63,0,0,0,5,193,2,2,0,1,0,0,7,0,7,0,4,4,190,3,1,0,2,0
 Mobile Robots ,2,3,2,6,0,17,133,114,2,36,1,4,3,311,4,13,3,2,0,0,73,7,0,0,48,24,0,117,0,0,9,2,0,19,0,5,0,14,4,0,2,0,23,0,14,0,7,0,3,30,0,0,0,51,1,5,98,0,20,153,13,0,0,27,12,0,32,6,0,57,0,41,55,1,27,0,10,0,2,8341,191,0,47,62,66,28,0,0,30,0,171,89,1,8,0,1,0,0,4,223,134,11,0,3010,3504,0,0,5,0,94,85,0,0,2,5,0,33,0,307,0,0,1,0,182,0,0,0,7,9,34,147,0,6
 Information Retrieval ,3,15,0,44,0,4,9,744,99,90,0,224,1,808,7,0,0,0,0,0,166,20,40,0,87,12,1,0,2,0,514,4,0,23,5,8,10,3,3,0,10,71,37,1,3,27,59,3,0,33,0,0,1,115,0,15,43,2,8,11,2,0,0,10,7,3,7,7,0,38,2,121,22,6,8,3,8,69,5,30,79,1,83,47,0,3,1,0,22,0,2,392,8,25,0,0,0,12,8,35,109,20,1,21,1744,6,5,4,0,361,0,4,0,0,90,0,30,0,0,19,0,6,4,49,5,5,0,268,5,6,0,58,5
 Dynamic Programming ,0,1,0,8,0,2,9,30,5,4,0,13,4,46,0,1,0,0,0,0,16,4,1,0,14,3,0,4,0,0,7,1,0,8,0,0,0,0,0,0,1,1,13,0,2,0,0,30,33,0,0,0,0,15,0,1,5,0,1,107,2,0,0,1,4,0,4,4,0,11,0,32,61,0,1,0,12,0,0,75,23,2,45,9,3,7,0,0,4,1,22,17,4,2,0,1,0,0,0,23,8,7,0,39,214,0,1,8,0,55,7,1,0,0,9,0,5,0,28,0,0,13,0,24,1,1,1,15,7,24,4,0,0
 Inter Clouds ,0,0,0,2,0,0,0,0,0,0,0,0,0,1,0,0,0,0,0,0,0,0,0,0,0,0,0,0,0,0,0,0,0,0,0,0,0,0,0,0,0,0,4,0,0,0,0,0,0,0,0,0,0,0,0,0,0,0,0,0,0,0,0,0,0,1,0,0,0,0,0,0,0,0,0,0,1,0,0,0,0,0,0,0,0,0,0,0,0,0,0,0,0,0,0,0,0,0,0,0,0,0,0,0,0,0,0,0,0,0,0,0,0,0,1,0,0,0,0,0,0,0,0,0,0,0,0,0,0,0,0,0,0
 Image To Text ,0,0,0,0,0,0,0,0,0,0,0,0,0,2,0,0,0,0,0,0,2,0,0,0,0,0,0,0,0,0,2,0,0,0,0,0,0,0,0,0,0,1,0,0,0,0,0,0,0,0,0,0,0,2,0,0,1,0,0,0,0,0,0,0,0,0,0,0,0,0,0,0,0,0,0,0,0,0,0,1,0,0,1,0,0,0,0,2,0,0,0,2,0,0,0,0,0,0,0,2,0,0,0,1,4,0,0,0,0,0,0,0,0,0,0,0,0,0,0,0,0,0,0,2,0,0,0,0,0,0,0,0,0
 Encoder Decoder ,0,0,1,0,0,0,0,2,14,0,0,6,0,23,1,0,0,0,0,0,2,2,0,0,5,2,0,4,1,0,6,0,0,0,2,5,0,7,4,0,0,0,0,0,0,0,0,0,1,0,0,0,0,74,0,0,91,0,0,0,0,0,0,0,1,0,0,0,0,37,2,8,0,1,1,0,1,0,0,13,0,1,0,0,4,0,0,0,3,0,1,2,0,4,0,0,0,0,6,6,7,0,0,10,35,1,0,1,0,10,0,0,0,0,2,0,2,0,0,3,0,0,0,12,0,0,0,0,2,13,0,0,9
 Deep Learning ,0,18,4,65,0,45,84,679,36,117,4,87,12,2961,64,2,10,6,0,0,587,267,72,5,548,249,0,109,61,2,256,12,1,133,11,308,13,68,250,7,1,34,85,10,13,9,11,51,115,15,0,2,74,0,17,20,5699,0,179,189,32,0,2,18,15,0,129,26,0,1441,94,689,24,83,138,6,53,4,34,420,54,36,200,14,27,47,0,3,102,1,228,207,12,487,0,5,0,2,423,547,758,27,6,418,3048,2,3,54,1,2292,15,5,1,1,360,1,202,0,17,38,12,48,54,712,39,26,1,120,55,194,83,32,158
 Neuromorphic Computing ,0,0,0,0,0,0,3,7,0,0,0,0,0,16,0,0,0,1,0,0,0,0,0,0,5,1,0,0,0,0,0,0,0,14,0,0,0,0,0,0,0,0,0,0,0,0,0,1,0,0,0,0,0,17,0,10,4,0,0,3,0,0,0,0,1,0,2,1,0,3,0,2,0,0,5,0,0,0,0,8,1,0,10,0,0,0,0,0,0,0,0,0,1,0,0,0,0,0,0,4,1,0,0,10,27,0,0,3,0,20,0,1,0,0,3,0,3,0,0,0,0,1,0,3,0,0,0,0,0,0,0,0,0
 Data Storage ,0,0,0,109,0,11,4,113,1,3,0,2,15,39,0,0,0,0,0,1,13,2,1,0,11,0,4,0,0,0,9,0,0,2,0,1,1,0,1,2,14,0,298,0,1,1,34,5,15,1,0,0,0,20,10,0,10,0,1,3,0,1,0,21,0,11,0,3,0,5,0,1,3,0,0,4,84,4,0,32,2,14,11,1,2,1,3,0,3,2,17,15,1,2,0,12,0,0,0,1,10,8,1,27,110,0,40,0,0,53,4,19,0,6,232,12,3,2,2,0,0,33,0,9,0,5,2,66,1,6,2,1,2
 Convolutional Networks ,0,21,4,32,0,17,55,705,12,10,3,39,11,3839,37,4,6,16,0,0,808,264,58,2,458,276,0,159,27,0,114,0,0,60,1,202,16,80,71,7,0,32,40,1,5,4,0,98,43,5,0,1,91,5699,4,10,0,0,246,44,78,0,0,7,5,0,93,34,0,891,270,225,3,80,78,3,19,1,40,499,51,24,245,12,26,60,0,2,78,3,390,146,4,989,0,3,0,1,636,882,1084,14,4,425,2754,2,0,85,0,1541,21,8,0,0,168,0,213,4,20,35,2,11,7,1024,48,9,0,31,63,351,68,5,162
 Automated Question Answering ,0,0,0,0,0,0,0,0,2,1,0,0,0,1,0,0,1,0,0,0,0,0,1,0,0,0,0,0,0,0,4,0,0,0,1,0,0,0,0,0,0,0,0,0,0,0,0,0,2,0,0,0,0,0,0,0,0,0,0,0,0,0,0,0,0,0,0,0,0,1,0,0,0,0,0,0,0,0,0,0,0,0,0,0,0,0,0,0,0,0,0,0,0,0,0,0,0,0,0,0,0,0,0,0,4,0,0,0,0,1,0,0,0,0,0,0,0,0,0,0,0,0,0,0,0,0,0,0,0,0,0,1,0
 Image Recognition ,0,4,1,3,0,2,5,89,3,3,0,1,0,238,2,0,0,0,0,0,77,8,1,0,19,9,0,3,0,0,16,0,0,8,0,1,3,5,1,0,0,1,7,1,1,0,2,20,8,1,0,0,0,179,0,1,246,0,0,7,8,0,1,1,0,0,1,4,0,15,5,23,0,4,4,1,4,0,0,40,15,1,96,2,1,1,0,0,21,0,23,27,2,70,0,1,0,0,14,79,74,3,0,32,297,0,0,6,0,97,6,1,0,0,13,0,6,1,1,0,0,3,2,82,0,4,0,12,4,23,5,0,3
 Reinforcement Learning ,0,1,2,10,0,5,65,38,2,16,0,2,2,138,1,1,15,0,0,3,29,1,3,0,123,43,0,3,5,0,11,0,0,39,0,4,0,3,4,1,6,1,62,2,1,2,3,153,11,107,0,0,0,189,3,3,44,0,7,0,2,0,0,6,26,0,61,1,0,115,0,15,465,4,29,0,39,0,1,1079,68,30,14,77,78,1,0,0,5,1,68,63,10,5,0,9,0,0,60,38,13,7,0,595,1741,0,3,4,0,494,33,9,0,0,26,0,82,0,60,2,1,6,1,24,2,4,6,21,2,3,22,0,7
 Face Detection ,0,1,0,9,0,1,2,154,0,0,0,0,0,179,1,0,0,1,0,0,112,9,0,0,13,14,0,39,0,0,3,0,0,2,0,3,0,1,0,0,0,1,6,0,0,0,1,13,2,2,0,0,0,32,0,0,78,0,8,2,0,0,0,0,1,0,1,3,0,2,1,12,3,2,2,0,1,0,2,68,2,3,39,2,6,21,0,0,27,0,10,24,4,9,0,0,0,0,3,130,105,4,0,40,415,0,0,4,0,49,0,0,0,0,7,0,14,0,0,0,0,0,0,136,0,0,0,10,3,15,2,0,0
 Photonic Computing ,0,0,0,0,0,0,0,0,0,0,0,0,0,0,0,0,0,0,0,0,0,0,0,0,0,0,0,0,0,0,0,0,0,0,0,0,0,0,0,0,0,0,0,0,0,0,0,0,0,0,0,0,0,0,0,1,0,0,0,0,0,0,0,0,0,0,0,0,0,0,0,0,0,0,0,0,1,0,0,0,0,0,0,0,0,0,0,0,0,0,0,0,0,0,0,0,0,0,0,0,0,0,0,0,0,0,0,0,0,0,0,0,0,0,0,0,0,0,0,0,0,0,0,0,0,0,0,0,0,0,0,0,0
 Tensor Processing Unit ,0,0,0,0,0,0,0,0,0,0,0,0,0,0,0,0,0,0,0,0,0,0,0,0,0,0,0,0,0,0,0,0,0,0,0,0,0,0,0,0,0,0,0,0,0,0,0,0,0,0,0,0,0,2,0,0,0,0,1,0,0,0,0,0,0,0,0,0,0,0,0,0,0,0,0,0,1,0,0,0,0,0,0,0,0,0,0,0,0,0,0,0,0,0,0,0,0,0,0,0,0,0,0,0,0,0,0,0,0,1,0,0,0,0,0,0,0,0,0,0,0,1,0,0,0,0,0,0,0,1,0,0,0
 Distributed Computing ,1,3,0,245,1,4,18,43,0,5,8,0,69,64,0,0,2,0,0,1,15,7,3,0,11,5,6,0,0,0,1,2,0,6,0,0,0,0,2,10,98,3,318,1,1,1,12,27,10,1,0,0,0,18,0,21,7,0,1,6,0,0,0,0,2,8,7,17,0,0,0,2,10,1,3,20,68,0,1,87,20,30,11,8,0,1,15,0,3,1,20,34,0,6,0,29,0,0,0,4,5,8,0,38,169,0,7,8,0,86,4,13,0,7,230,9,4,0,4,0,0,160,0,8,1,4,12,77,21,0,4,1,0
 Bayesian Inference ,0,1,0,2,0,0,85,19,1,3,0,1,4,62,3,0,0,0,0,0,20,8,0,0,65,8,0,3,0,0,3,0,0,6,0,2,0,1,1,0,0,1,3,1,0,2,0,12,7,4,0,0,1,15,1,0,5,0,0,26,1,0,0,2,0,0,1,1,0,8,0,9,130,0,3,0,1,1,0,47,1,0,16,2,0,2,0,0,10,0,4,19,13,4,0,0,0,0,3,20,12,5,0,39,128,0,0,1,3,99,1,1,0,0,22,0,9,0,3,0,0,8,0,12,1,3,0,17,2,24,1,0,1
 Distributed File System ,1,0,0,56,0,0,0,7,0,1,0,0,8,3,0,0,0,0,0,0,0,0,1,0,1,0,0,0,0,0,0,0,0,0,0,0,0,0,0,0,1,0,39,0,0,0,2,0,3,0,1,0,0,0,0,11,0,0,0,0,0,0,0,8,0,0,0,5,0,0,0,0,0,0,0,2,9,0,0,0,0,1,0,0,0,0,3,0,1,0,0,1,0,0,0,0,0,0,0,0,0,1,0,0,6,0,3,0,0,4,0,0,0,0,43,1,0,0,0,0,0,14,0,0,0,3,4,7,0,0,0,0,0
 Optimization Algorithm ,0,9,0,16,0,1,8,23,1,0,1,4,1,158,10,0,1,1,0,0,85,20,2,0,82,60,0,10,1,0,3,0,0,16,0,8,0,4,3,0,1,3,0,4,3,1,1,32,7,4,0,0,0,129,2,0,93,0,1,61,1,0,0,7,1,0,0,5,0,35,4,14,14,1,99,1,1,0,6,90,17,1,28,10,5,1,0,0,17,0,12,39,10,27,0,0,0,0,8,8,26,2,1,53,260,0,0,1,0,173,5,6,0,0,36,0,41,1,6,2,1,5,2,39,4,2,0,16,2,40,2,1,18
 Parallel Processing ,5,0,0,59,2,4,6,33,0,4,0,2,51,66,0,0,1,0,0,0,25,4,0,0,7,10,0,3,0,0,3,0,0,1,0,0,0,0,2,0,7,0,68,0,0,0,13,6,7,4,0,0,0,26,1,3,34,0,4,1,3,0,0,17,1,5,5,0,0,5,0,11,6,0,3,8,6,1,0,36,10,0,32,6,1,0,0,0,0,1,2,25,0,11,0,2,0,0,0,39,19,2,0,28,115,0,3,25,0,36,0,16,0,1,104,2,2,0,2,0,0,85,1,33,0,0,2,32,48,19,2,0,0
SVM ,0,0,0,0,0,0,0,0,0,0,0,0,0,0,0,0,0,0,0,0,0,0,0,0,0,0,0,0,0,0,0,0,0,0,0,0,0,0,0,0,0,0,0,0,0,0,0,0,0,0,0,0,0,0,0,0,0,0,0,0,0,0,0,0,0,0,0,0,0,0,0,0,0,0,0,0,0,0,0,1,0,0,0,0,1,0,0,0,0,0,0,0,0,0,0,0,0,0,0,0,0,0,0,1,0,0,0,0,0,0,0,0,0,0,0,0,0,0,0,0,0,0,0,0,0,0,0,0,0,0,0,0,0
 RNN ,0,2,0,27,0,5,16,251,52,3,1,288,0,804,11,2,3,2,0,0,246,67,50,3,213,217,0,15,16,0,159,2,0,43,13,22,7,62,52,0,0,16,15,3,1,1,6,57,38,11,0,0,37,1441,3,5,891,1,15,115,2,0,0,0,8,0,35,5,0,0,16,410,13,37,165,0,29,1,10,259,69,16,77,12,20,65,0,0,16,0,11,70,6,51,0,2,0,0,59,38,223,7,5,178,1392,5,1,4,0,581,9,8,0,0,52,0,70,4,18,28,0,1,9,76,9,8,0,38,14,18,7,31,41
 Fully Connected Layer ,0,1,0,0,0,0,1,6,1,0,0,0,0,57,0,0,0,0,0,0,15,2,3,0,13,12,0,0,0,0,0,0,0,2,0,3,0,1,3,0,0,0,1,0,0,0,0,0,2,0,0,0,2,94,0,0,270,0,5,0,1,0,0,0,0,0,4,0,0,16,0,4,0,1,2,0,0,0,2,0,0,1,3,0,0,0,0,0,1,0,5,1,0,30,0,1,0,0,14,8,29,0,0,1,37,0,0,2,0,9,0,0,0,0,2,0,4,0,0,1,1,0,0,14,0,0,0,0,1,0,0,0,1
 Voice Recognition ,0,8,1,40,0,1,10,644,155,13,0,802,0,779,11,0,1,0,0,0,219,15,6,2,180,262,0,4,5,0,171,0,0,39,2,3,13,13,10,0,0,11,17,0,1,3,1,41,121,32,0,0,8,689,2,1,225,0,23,15,12,0,0,2,9,0,14,11,0,410,4,0,42,6,30,0,3,3,4,363,15,4,109,37,39,48,0,0,33,0,4,141,4,20,0,0,0,0,12,61,391,20,1,177,2215,3,0,16,0,253,0,0,0,1,16,2,22,1,5,6,3,2,4,63,2,0,0,31,5,10,4,18,12
 Markov ,4,0,2,2,0,6,183,60,2,7,1,3,12,170,1,1,0,0,0,0,36,18,2,0,115,16,0,4,1,0,6,1,0,11,0,2,0,0,1,0,1,3,59,2,1,3,2,55,22,61,0,0,0,24,0,3,3,0,0,465,3,0,0,10,130,0,14,6,0,13,0,42,0,1,8,0,26,0,0,286,21,8,38,14,7,5,0,0,10,0,25,71,18,11,0,5,0,0,10,37,11,12,0,124,475,1,4,1,1,184,8,14,0,1,47,1,19,0,8,0,0,16,2,10,2,1,4,46,3,87,17,0,2
 Feature Engineering ,0,2,0,6,0,1,1,16,3,2,1,3,0,133,0,0,0,0,0,0,38,21,5,0,26,3,0,0,2,0,32,0,0,8,0,2,0,2,7,0,0,7,4,0,4,1,0,1,6,0,0,0,1,83,0,0,80,0,4,4,2,0,0,1,0,0,1,0,0,37,1,6,1,0,1,0,3,2,3,5,2,1,15,0,1,3,0,0,4,0,2,13,4,13,0,0,0,1,5,16,51,0,0,8,54,0,0,0,0,117,0,0,0,1,18,1,11,0,0,1,0,0,1,19,0,3,1,19,1,7,0,4,1
 Back-propagation ,1,26,1,6,0,0,15,138,0,3,0,2,4,623,1,0,1,3,0,0,150,14,5,0,307,566,0,2,1,0,7,0,1,25,0,1,1,2,6,0,1,1,2,4,0,0,5,27,8,1,0,0,1,138,5,0,78,0,4,29,2,0,0,3,3,0,99,3,0,165,2,30,8,1,0,1,1,0,4,80,161,2,137,16,4,5,0,0,84,0,15,69,9,29,0,0,0,0,3,25,110,16,1,51,788,0,1,2,0,183,4,1,0,0,9,0,100,3,15,0,0,2,2,31,1,0,0,47,10,21,1,1,5
 Cluster Computing ,0,0,0,46,0,0,2,7,3,1,1,0,17,12,0,0,0,0,0,0,4,0,0,0,6,0,0,0,0,0,1,0,0,0,0,0,0,0,0,2,13,1,34,0,0,1,2,0,3,0,0,0,0,6,0,4,3,0,1,0,0,0,0,20,0,2,1,8,0,0,0,0,0,0,1,0,10,0,0,6,5,2,0,0,0,0,0,0,0,0,0,8,0,0,0,1,0,0,0,1,4,1,0,4,29,0,1,2,0,19,0,6,0,0,44,0,2,0,0,0,0,55,0,0,1,1,2,9,5,2,0,0,0
 Data Center ,1,0,0,205,0,10,28,317,0,1,14,0,78,99,1,0,0,0,0,1,17,7,1,0,67,6,2,1,0,0,1,0,0,3,0,2,0,1,4,24,41,0,1394,0,0,0,23,10,8,12,1,0,1,53,0,84,19,0,4,39,1,1,1,68,1,9,1,6,0,29,0,3,26,3,1,10,0,0,1,25,74,163,4,16,0,0,7,0,10,6,10,69,1,3,0,87,0,0,0,4,3,5,0,25,284,0,5,46,0,145,0,0,0,24,335,29,3,0,1,0,0,156,0,3,0,8,101,41,20,0,3,0,0
 Semantic Search ,0,0,0,2,0,0,1,30,5,12,0,4,0,28,0,0,0,0,0,0,4,0,1,0,0,0,0,0,0,0,46,1,0,0,0,0,1,0,0,0,1,3,8,0,1,0,3,0,69,0,0,0,0,4,0,4,1,0,0,0,0,0,0,0,1,0,0,1,0,1,0,3,0,2,0,0,0,0,0,1,3,0,2,5,0,0,0,0,0,0,0,14,0,1,0,0,0,0,0,1,1,6,0,7,175,0,0,0,0,17,0,0,0,0,12,0,4,0,0,0,0,0,0,0,0,1,0,6,0,0,0,12,0
 Boosting ,0,8,0,3,0,0,1,28,0,0,0,1,0,205,6,0,1,0,0,0,115,149,3,0,149,20,0,1,1,0,9,0,0,4,0,3,0,0,3,0,0,5,1,1,1,0,0,2,5,0,0,0,0,34,0,0,40,0,0,1,2,0,0,1,0,0,6,0,0,10,2,4,0,3,4,0,1,0,0,16,7,0,19,0,0,1,0,0,5,0,0,10,14,19,0,0,0,0,3,15,23,2,3,6,108,0,0,0,0,293,0,0,0,0,13,0,18,0,0,1,0,0,0,12,4,4,0,24,0,1,0,0,11
 Robots ,4,23,11,60,3,292,261,693,4,233,7,28,13,1700,14,48,17,27,1,0,415,62,10,0,618,84,0,481,3,0,85,10,1,94,10,11,4,52,14,13,5,1,165,5,352,2,11,8341,30,75,0,1,13,420,8,32,499,0,40,1079,68,0,0,87,47,0,90,36,1,259,0,363,286,5,80,6,25,1,16,0,731,18,201,215,3302,288,0,0,121,1,1118,335,28,25,0,5,0,0,71,963,374,64,0,27112,18188,0,3,26,1,1180,666,3,0,8,89,3,139,0,5886,0,0,18,1,867,2,3,3,49,25,81,384,4,15
 Genetic Algorithm ,0,27,0,41,0,25,65,235,3,28,0,2,17,956,14,8,8,0,0,2,535,91,9,0,452,286,2,12,1,0,25,1,0,33,0,0,1,0,4,1,14,11,136,4,24,2,3,191,79,23,0,0,0,54,1,2,51,0,15,68,2,0,0,20,1,0,17,10,0,69,0,15,21,2,161,5,74,3,7,731,0,9,285,122,30,4,4,0,83,0,104,248,15,50,0,13,0,0,4,49,196,186,9,335,2054,0,2,6,0,686,41,40,0,0,68,1,88,0,174,0,0,68,2,112,0,8,7,406,9,128,24,3,2
 Edge Computing ,0,0,0,19,0,24,4,8,0,0,1,1,5,31,1,0,0,0,0,6,10,1,0,0,3,5,0,0,0,0,1,0,0,3,0,0,0,0,0,24,2,0,424,0,1,0,5,0,1,2,0,0,1,36,0,14,24,0,1,30,3,0,0,30,0,1,1,0,0,16,1,4,8,1,2,2,163,0,0,18,9,0,2,3,0,0,0,0,1,0,45,19,0,1,0,179,0,0,1,1,8,1,0,11,110,0,3,6,0,60,1,0,0,3,70,4,2,0,1,0,0,9,0,8,0,0,6,7,2,1,5,0,0
 Pattern Recognition ,0,141,1,28,1,10,74,712,35,33,0,23,5,4097,32,4,3,1,0,0,1252,121,4,0,552,293,0,25,3,0,22,1,0,97,2,4,6,5,8,0,2,6,15,17,4,2,8,47,83,45,0,1,0,200,10,11,245,0,96,14,39,0,0,11,16,0,28,32,0,77,3,109,38,15,137,0,4,2,19,201,285,2,0,53,4,72,0,1,767,2,47,724,67,148,0,0,0,0,21,336,829,92,1,200,3103,0,0,7,1,1121,3,8,0,1,90,0,146,3,5,0,1,12,1,528,6,12,0,352,29,187,4,2,27
 Search Algorithm ,1,19,0,14,1,1,46,77,12,16,0,26,11,107,0,1,5,0,0,0,36,11,1,0,29,13,0,10,0,0,11,2,0,5,0,4,0,0,2,0,0,0,19,0,1,0,2,62,47,9,0,0,0,14,0,1,12,0,2,77,2,0,0,8,2,0,10,6,0,12,0,37,14,0,16,0,16,5,0,215,122,3,53,0,10,1,0,0,12,0,27,34,4,5,0,4,0,0,3,15,30,10,0,115,440,0,0,7,0,124,15,95,0,0,28,0,10,2,29,0,0,14,0,31,0,0,2,62,4,18,9,0,1
 Humanoid Robots ,0,2,0,3,0,3,14,34,0,8,0,5,1,85,0,0,0,3,0,0,24,2,4,0,39,4,0,21,0,0,7,0,0,10,1,2,1,8,2,0,0,0,4,0,25,0,0,66,0,3,0,0,4,27,0,2,26,0,1,78,6,0,0,0,0,0,5,1,1,20,0,39,7,1,4,0,0,0,0,3302,30,0,4,10,0,16,0,0,18,0,7,20,9,2,0,0,0,0,7,93,13,3,0,1213,1280,0,0,1,1,77,0,0,0,0,3,0,12,0,164,0,0,2,0,50,0,0,0,1,0,6,3,1,0
 Gesture Recognition ,0,9,0,1,0,3,3,81,2,0,0,5,0,347,3,0,1,0,0,0,141,18,1,0,15,31,0,30,0,1,2,1,0,7,0,2,0,0,2,0,0,0,1,3,4,0,0,28,3,7,0,0,0,47,0,1,60,0,1,1,21,0,0,1,2,0,1,0,0,65,0,48,5,3,5,0,0,0,1,288,4,0,72,1,16,0,0,0,19,0,16,31,0,7,0,0,0,0,5,29,86,5,0,125,461,0,0,6,0,107,1,0,0,0,8,0,6,0,15,0,0,0,0,119,0,0,0,7,0,11,1,0,1
 Data Intensive Computing ,0,0,0,14,0,0,0,2,0,0,0,0,3,0,0,0,0,0,0,0,0,0,0,0,0,0,1,0,0,0,0,0,0,0,0,0,0,0,0,0,1,0,20,0,0,0,1,0,1,0,0,0,0,0,0,3,0,0,0,0,0,0,0,15,0,3,0,0,0,0,0,0,0,0,0,0,7,0,0,0,4,0,0,0,0,0,0,0,0,0,0,1,0,0,0,1,0,0,0,0,0,0,0,1,7,0,0,0,0,0,0,0,0,0,26,0,0,0,0,0,0,8,0,0,0,0,3,5,0,0,0,0,0
 Text To Image ,0,0,0,0,0,0,0,1,0,0,0,0,0,1,0,0,0,0,0,0,2,0,0,0,0,0,0,0,0,0,1,0,0,0,0,3,0,0,0,0,0,0,0,0,0,0,0,0,0,0,0,2,0,3,0,0,2,0,0,0,0,0,0,0,0,0,0,0,0,0,0,0,0,0,0,0,0,0,0,0,0,0,1,0,0,0,0,0,0,0,0,0,0,0,0,0,0,0,0,0,0,0,0,0,1,0,0,0,0,1,0,0,0,0,0,0,0,0,0,0,0,0,0,0,0,0,0,0,0,0,0,0,0
 Dimensionality Reduction ,0,51,0,15,0,4,31,293,0,8,1,2,1,1363,13,1,3,0,0,0,604,166,3,0,472,219,1,17,5,0,19,0,0,81,0,3,1,1,15,1,0,4,22,10,6,2,5,30,22,4,0,0,3,102,0,3,78,0,21,5,27,0,0,3,10,1,17,0,0,16,1,33,10,4,84,0,10,0,5,121,83,1,767,12,18,19,0,0,0,1,14,332,22,84,0,1,0,0,8,98,549,37,0,87,698,0,0,2,0,509,6,0,0,0,121,0,61,1,7,0,0,7,3,116,3,20,0,264,8,73,3,1,5
 Dynamic Cloud ,0,0,0,9,0,0,0,1,0,0,0,0,0,3,0,0,0,0,0,0,0,2,0,0,1,0,0,0,0,0,0,0,0,0,0,0,0,0,0,0,0,0,45,0,0,0,0,0,0,1,0,0,0,1,0,2,3,0,0,1,0,0,0,1,0,0,0,1,0,0,0,0,0,0,0,0,6,0,0,1,0,0,2,0,0,0,0,0,1,0,1,9,0,0,0,1,0,0,1,0,1,0,0,0,2,0,1,0,0,4,0,0,0,1,5,1,0,0,0,0,0,0,0,0,0,0,4,1,1,1,0,0,0
 UAM ,2,2,4,30,0,32,50,118,1,9,6,0,6,721,0,163,0,0,0,0,193,121,0,0,150,23,0,133,0,0,7,1,0,13,0,13,0,4,4,4,0,0,72,1,89,0,1,171,2,22,0,0,1,228,0,17,390,0,23,68,10,0,0,20,4,0,12,2,0,11,5,4,25,2,15,0,10,0,0,1118,104,45,47,27,7,16,0,0,14,1,0,127,1,114,0,15,0,0,8,237,110,18,0,841,1225,0,0,10,0,240,95,0,0,0,55,0,17,0,111,0,0,8,0,442,1,3,0,21,21,87,199,0,1
 Clustering ,1,55,1,137,0,17,50,614,13,56,1,50,23,2683,111,4,16,3,0,0,573,227,34,0,445,142,1,29,3,0,174,1,0,634,0,9,2,1,21,1,12,49,118,9,7,24,30,89,392,17,0,2,2,207,0,15,146,0,27,63,24,0,0,34,19,1,39,25,0,70,1,141,71,13,69,8,69,14,10,335,248,19,724,34,20,31,1,0,332,9,127,0,51,176,0,14,0,2,17,218,502,59,4,196,2816,1,6,7,0,1573,8,9,0,0,569,3,277,0,17,8,0,40,5,256,4,44,4,1825,17,664,11,8,13
 Statistical Learning ,0,5,0,30,0,2,18,74,0,2,0,0,0,345,11,0,0,1,0,0,331,54,5,0,280,28,0,1,0,0,9,0,0,18,0,1,0,0,2,0,0,1,3,11,0,0,0,1,8,4,0,0,0,12,1,1,4,0,2,10,4,0,0,0,13,0,10,0,0,6,0,4,18,4,9,0,1,0,14,28,15,0,67,4,9,0,0,0,22,0,1,51,0,12,0,0,0,0,2,33,27,2,0,20,231,0,0,0,0,219,2,0,0,0,36,0,35,0,3,0,0,1,0,19,11,13,0,44,1,12,0,1,18
 Image Classification ,0,29,1,8,0,4,8,202,0,6,0,0,2,2372,41,0,4,1,0,0,887,167,3,0,166,54,0,8,1,0,11,0,0,23,1,18,0,3,9,0,1,6,8,11,0,2,6,8,25,2,0,0,4,487,0,2,989,0,70,5,9,0,0,6,4,0,27,11,0,51,30,20,11,13,29,0,3,1,19,25,50,1,148,5,2,7,0,0,84,0,114,176,12,0,0,0,0,0,80,186,426,13,0,32,769,0,1,14,0,330,5,0,0,0,38,0,80,0,0,3,2,10,0,196,8,3,0,35,18,169,5,0,14
 Token Classification ,0,0,0,0,0,0,0,0,0,0,0,0,0,1,0,0,0,0,0,0,0,0,0,0,0,0,0,0,0,0,0,0,0,0,0,0,0,0,0,0,0,0,0,0,0,0,0,0,0,0,0,0,0,0,0,0,0,0,0,0,0,0,0,0,0,0,0,0,0,0,0,0,0,0,0,0,0,0,0,0,0,0,0,0,0,0,0,0,0,0,0,0,0,0,0,0,0,0,0,0,0,0,0,0,0,0,0,0,0,1,0,0,0,0,0,0,0,0,0,0,0,0,0,0,0,0,0,0,0,0,0,0,0
 Fog Computing ,0,0,0,7,0,24,1,7,0,1,1,0,0,18,0,0,0,0,0,5,2,1,0,0,5,0,0,0,1,0,0,0,0,2,0,0,0,0,0,16,0,0,384,0,0,0,1,1,0,1,0,0,0,5,0,12,3,0,1,9,0,0,0,29,0,0,0,2,0,2,1,0,5,0,0,1,87,0,0,5,13,179,0,4,0,0,1,0,1,1,15,14,0,0,0,0,2,0,2,3,4,0,0,7,67,0,0,2,0,26,0,1,0,9,62,1,0,0,0,0,0,5,0,0,0,0,6,6,0,0,3,0,0
 Dew Computing ,0,0,0,0,0,1,0,1,0,0,0,0,0,0,0,0,0,0,0,0,0,0,0,0,0,0,0,0,0,0,0,0,0,0,0,0,0,0,0,0,0,0,8,0,0,0,0,0,0,0,0,0,0,0,0,0,0,0,0,0,0,0,0,0,0,0,0,0,0,0,0,0,0,0,0,0,0,0,0,0,0,0,0,0,0,0,0,0,0,0,0,0,0,0,0,2,0,0,0,0,0,0,0,0,0,0,0,0,0,2,0,0,0,0,3,0,0,0,0,0,0,0,0,0,0,1,0,1,0,0,0,0,0
 Text Similarity ,0,0,0,0,0,0,0,1,3,1,0,0,0,8,0,0,0,0,0,0,3,0,0,0,0,0,0,0,0,0,9,0,0,0,0,0,0,0,0,0,0,4,0,0,0,0,0,0,12,0,0,0,0,2,0,0,1,0,0,0,0,0,0,0,0,0,0,0,0,0,0,0,0,1,0,0,0,0,0,0,0,0,0,0,0,0,0,0,0,0,0,2,0,0,0,0,0,0,0,0,2,0,0,0,9,0,0,2,0,13,0,0,0,0,1,0,0,0,0,1,0,0,0,0,0,0,0,1,0,0,0,0,0
 Transfer Learning ,0,2,0,2,0,1,4,68,3,6,0,16,0,348,9,0,3,1,0,0,76,19,10,0,60,4,0,8,2,0,18,0,2,8,0,14,3,2,13,0,0,9,2,0,1,1,0,4,8,0,0,0,6,423,0,0,636,0,14,60,3,0,0,0,3,0,8,0,0,59,14,12,10,5,3,0,0,0,3,71,4,1,21,3,7,5,0,0,8,1,8,17,2,80,0,2,0,0,0,61,89,2,0,50,326,0,0,0,0,178,3,0,0,0,14,0,33,0,0,0,0,0,1,56,2,1,0,7,1,17,4,4,8
 Object Recognition ,3,19,1,6,1,6,43,467,2,19,1,7,4,1491,25,6,3,5,0,0,429,72,1,0,127,28,0,282,3,0,18,0,0,63,0,10,0,36,9,1,2,1,11,2,0,2,4,223,35,23,0,2,6,547,4,1,882,0,79,38,130,0,0,4,20,0,8,39,0,38,8,61,37,16,25,1,4,1,15,963,49,1,336,15,93,29,0,0,98,0,237,218,33,186,0,3,0,0,61,0,445,8,1,743,2738,1,0,30,0,343,52,1,0,1,29,0,101,1,49,0,0,5,2,949,6,1,0,11,35,249,28,2,17
 Feature Extraction ,2,80,2,29,0,10,31,1270,3,26,0,31,2,4824,21,0,7,0,0,0,1822,313,31,0,391,345,2,78,15,0,60,1,0,96,1,20,22,10,55,2,3,22,28,14,12,1,8,134,109,8,0,0,7,758,1,10,1084,0,74,13,105,0,0,5,12,0,26,19,0,223,29,391,11,51,110,4,3,1,23,374,196,8,829,30,13,86,0,0,549,1,110,502,27,426,0,4,0,2,89,445,0,55,2,267,2909,0,0,27,0,1156,12,0,0,0,94,0,145,0,7,3,2,7,9,478,3,8,0,234,24,282,9,5,20
 Expert System ,0,3,0,15,0,8,16,419,0,183,0,1,3,533,5,1,2,0,0,0,103,23,6,0,135,30,0,3,0,0,36,5,0,5,0,0,1,0,0,0,6,0,19,0,0,2,29,11,20,7,0,0,0,27,0,8,14,0,3,7,4,0,0,8,5,1,2,2,0,7,0,20,12,0,16,1,5,6,2,64,186,1,92,10,3,5,0,0,37,0,18,59,2,13,0,0,0,0,2,8,55,0,1,58,1546,0,0,0,0,231,12,1,0,0,48,0,19,0,2,0,0,2,0,25,0,6,0,129,2,16,1,1,1
 Ensemble Modeling ,0,0,0,1,0,0,0,9,0,0,0,0,0,35,0,0,0,0,0,0,20,21,1,0,28,8,0,0,0,0,2,0,0,0,0,0,0,0,0,0,0,0,1,0,0,0,0,0,1,0,0,0,0,6,0,1,4,0,0,0,0,0,0,0,0,0,1,0,0,5,0,1,0,0,1,0,0,0,3,0,9,0,1,0,0,0,0,0,0,0,0,4,0,0,0,0,0,0,0,1,2,1,0,0,25,0,0,0,0,31,1,0,0,0,5,0,0,0,0,0,0,1,0,2,0,0,0,13,1,1,0,0,1
 Robotics ,5,16,9,35,2,185,142,707,0,163,3,16,20,1390,3,69,10,12,3,0,269,39,2,0,502,34,2,312,6,0,40,8,0,55,6,15,5,30,10,5,1,3,164,1,402,0,10,3010,21,39,0,1,10,418,10,27,425,0,32,595,40,0,0,38,39,0,53,28,1,178,1,177,124,8,51,4,25,7,6,27112,335,11,200,115,1213,125,1,0,87,0,841,196,20,32,0,7,0,0,50,743,267,58,0,0,9738,0,4,18,1,1266,708,6,0,7,91,3,82,0,3065,0,0,15,1,940,5,10,1,58,43,99,274,0,20
 AI ,7,195,14,565,1,324,384,3477,438,1555,20,584,120,10572,310,55,129,26,2,3,3369,896,446,6,2283,1617,6,1094,31,0,1609,155,2,702,134,192,24,92,100,13,66,290,939,104,180,48,200,3504,1744,214,0,4,35,3048,27,110,2754,4,297,1741,415,0,0,169,128,6,260,115,0,1392,37,2215,475,54,788,29,284,175,108,18188,2054,110,3103,440,1280,461,7,1,698,2,1225,2816,231,769,0,67,0,9,326,2738,2909,1546,25,9738,0,11,60,87,3,7667,358,190,0,24,1910,42,1046,6,1593,42,8,167,45,3337,41,179,28,3854,121,2067,484,94,116
 Text Generation ,0,0,0,0,0,0,0,2,9,0,0,6,0,2,0,0,1,0,0,0,2,0,0,0,1,0,0,0,0,0,16,0,0,1,2,0,0,0,0,0,0,1,0,0,0,0,0,0,6,0,0,0,1,2,0,0,2,0,0,0,0,0,0,0,0,0,0,0,0,5,0,3,1,0,0,0,0,0,0,0,0,0,0,0,0,0,0,0,0,0,0,1,0,0,0,0,0,0,0,1,0,0,0,0,11,0,0,0,0,3,0,0,0,0,0,0,0,0,0,0,0,0,0,1,0,0,0,0,0,0,0,0,1
 NRDBMS & NoSQL ,0,0,0,245,0,4,0,135,0,7,0,0,4,14,0,0,0,0,0,0,1,2,2,0,2,2,0,0,0,0,6,0,0,0,2,0,0,0,0,2,1,0,105,0,0,2,93,0,5,1,0,0,0,3,0,40,0,0,0,3,0,0,0,7,0,3,0,3,0,1,0,0,4,0,1,1,5,0,0,3,2,3,0,0,0,0,0,0,0,1,0,6,0,1,0,0,0,0,0,0,0,0,0,4,60,0,0,0,0,30,0,0,0,5,194,7,0,0,0,0,0,7,0,0,0,5,3,17,0,0,0,0,0
 Hardware Acceleration ,0,0,0,10,0,0,8,27,1,0,3,1,20,47,0,0,0,0,0,0,13,0,0,0,3,3,0,5,0,0,2,0,0,1,0,0,1,0,0,0,1,0,48,0,0,0,4,5,4,8,0,0,1,54,3,0,85,0,6,4,4,0,0,8,1,0,1,25,0,4,2,16,1,0,2,2,46,0,0,26,6,6,7,7,1,6,0,0,2,0,10,7,0,14,0,2,0,2,0,30,27,0,0,18,87,0,0,0,0,69,0,2,0,0,32,0,2,0,0,0,0,65,1,48,0,2,1,12,67,7,4,0,0
 Bayesian Machine Learning ,0,0,0,0,0,0,1,1,0,0,0,0,0,8,0,0,0,0,0,0,2,1,1,0,6,0,0,0,0,0,1,0,0,1,0,0,0,0,0,0,0,0,0,0,0,0,0,0,0,0,0,0,0,1,0,0,0,0,0,0,0,0,0,0,3,0,0,0,0,0,0,0,1,0,0,0,0,0,0,1,0,0,1,0,1,0,0,0,0,0,0,0,0,0,0,0,0,0,0,0,0,0,0,1,3,0,0,0,0,11,0,0,0,0,0,0,0,0,0,0,0,0,0,0,0,0,0,1,0,1,2,0,0
 Machine Learning ,0,217,4,396,0,110,250,2000,70,139,15,92,45,10002,148,5,88,3,0,2,5465,2494,285,3,3667,712,1,40,26,0,861,28,0,300,18,105,20,14,83,14,23,197,318,51,96,54,63,94,361,55,0,0,10,2292,20,53,1541,1,97,494,49,0,1,86,99,4,173,36,0,581,9,253,184,117,183,19,145,17,293,1180,686,60,1121,124,77,107,0,1,509,4,240,1573,219,330,1,26,2,13,178,343,1156,231,31,1266,7667,3,30,69,11,0,29,67,1,8,1447,9,725,6,60,24,2,100,35,667,42,225,11,1886,53,279,62,113,88
 AUV ,0,5,0,2,0,0,17,19,0,1,0,0,0,103,0,35,0,0,0,0,17,5,0,0,19,0,0,43,0,0,0,0,0,2,0,1,0,0,1,0,0,0,6,0,6,0,0,85,0,7,0,0,0,15,0,4,21,0,6,33,0,0,0,4,1,0,5,0,0,9,0,0,8,0,4,0,0,0,0,666,41,1,3,15,0,1,0,0,6,0,95,8,2,5,0,0,0,0,3,52,12,12,1,708,358,0,0,0,0,29,0,0,0,0,3,0,0,0,97,0,0,0,0,47,0,0,0,0,1,9,46,0,0
 Quantum Computing ,0,14,0,33,0,0,48,34,0,0,0,0,27,53,0,1,0,0,0,0,12,0,0,0,4,0,0,0,0,0,0,0,0,0,0,14,0,0,0,0,4,0,5,0,1,0,0,0,4,1,0,0,0,5,1,19,8,0,1,9,0,0,0,13,1,0,6,16,0,8,0,0,14,0,1,6,0,0,0,3,40,0,8,95,0,0,0,0,0,0,0,9,0,0,0,1,0,0,0,1,0,1,0,6,190,0,0,2,0,67,0,0,0,0,6,0,2,8,0,1,0,10,2,1,0,1,0,5,17,3,0,0,0
 Deep Learningbased ,0,0,0,0,0,0,0,1,0,0,0,0,0,0,0,0,0,0,0,0,0,0,0,0,1,0,0,0,0,0,0,0,0,0,0,0,0,0,0,0,0,0,0,0,0,0,0,0,0,0,0,0,0,1,0,0,0,0,0,0,0,0,0,0,0,0,0,0,0,0,0,0,0,0,0,0,0,0,0,0,0,0,0,0,0,0,0,0,0,0,0,0,0,0,0,0,0,0,0,0,0,0,0,0,0,0,0,0,0,1,0,0,0,0,1,0,0,0,0,0,0,0,0,0,0,0,0,0,0,0,0,0,0
 PaaS ,0,0,1,26,0,1,0,16,0,1,3,0,1,9,0,0,0,0,0,0,2,1,0,0,2,0,1,0,0,0,1,0,0,0,0,0,0,0,0,7,8,0,295,0,0,0,5,2,0,0,0,0,0,1,0,6,0,0,0,0,0,0,0,7,0,0,0,1,0,0,0,1,1,1,0,0,24,0,0,8,0,3,1,0,0,0,0,0,0,1,0,0,0,0,0,9,0,0,0,1,0,0,0,7,24,0,5,0,0,8,0,0,0,0,21,131,0,0,0,0,0,5,0,0,0,1,134,2,0,0,1,0,0
 Big Data ,2,20,2,1501,0,288,63,846,4,32,21,12,89,1039,19,3,3,1,0,1,256,151,125,0,471,30,17,2,2,0,148,2,1,48,1,6,1,5,7,29,34,18,1164,6,23,40,193,5,90,9,1,0,2,360,3,232,168,0,13,26,7,0,0,230,22,43,36,104,0,52,2,16,47,18,9,44,335,12,13,89,68,70,90,28,3,8,26,0,121,5,55,569,36,38,0,62,3,1,14,29,94,48,5,91,1910,0,194,32,0,1447,3,6,1,21,0,25,73,2,0,5,2,186,2,69,4,298,14,878,61,21,30,17,10
 SaaS ,0,0,0,25,0,2,2,26,0,1,3,0,0,15,0,0,0,0,0,0,2,0,1,0,3,0,1,0,0,0,0,0,0,0,0,0,0,0,0,5,10,0,409,0,1,0,2,0,0,0,0,0,0,1,0,12,0,0,0,0,0,0,0,9,0,1,0,2,0,0,0,2,1,1,0,0,29,0,0,3,1,4,0,0,0,0,0,0,0,1,0,3,0,0,0,1,0,0,0,0,0,0,0,3,42,0,7,0,0,9,0,0,0,131,25,0,0,0,0,0,0,12,0,0,0,1,115,9,0,0,0,2,0
 Supervised Learning ,0,26,0,27,0,4,20,180,4,11,0,6,1,1454,136,1,12,8,0,0,622,168,32,2,377,131,0,10,4,0,55,0,0,228,0,15,2,7,12,0,1,31,7,6,0,2,2,33,30,5,0,0,2,202,3,3,213,0,6,82,14,0,0,4,9,0,41,2,0,70,4,22,19,11,100,2,3,4,18,139,88,2,146,10,12,6,0,0,61,0,17,277,35,80,0,0,0,0,33,101,145,19,0,82,1046,0,0,2,0,725,0,2,0,0,73,0,0,0,9,1,0,4,4,86,16,5,0,160,3,53,6,5,24
 Optical Computing ,0,0,0,1,0,0,0,1,0,0,0,0,1,1,0,0,0,0,0,0,0,0,0,0,2,0,0,0,0,0,0,0,0,0,0,0,0,0,0,0,0,0,0,1,0,0,0,0,0,0,0,0,0,0,0,2,4,0,1,0,0,0,0,0,0,0,1,0,0,4,0,1,0,0,3,0,0,0,0,0,0,0,3,2,0,0,0,0,1,0,0,0,0,0,0,0,0,0,0,1,0,0,0,0,6,0,0,0,0,6,0,8,0,0,2,0,0,0,0,0,0,1,0,0,0,0,0,0,0,0,0,0,0
 Manipulator ,0,0,0,1,0,30,27,28,0,3,1,0,1,128,0,3,0,1,1,0,13,2,0,0,42,23,0,47,0,0,4,0,0,2,0,2,0,0,0,0,0,0,2,0,40,0,1,307,0,28,0,0,0,17,0,2,20,0,1,60,0,0,0,4,3,0,6,2,0,18,0,5,8,0,15,0,1,0,0,5886,174,1,5,29,164,15,0,0,7,0,111,17,3,0,0,0,0,0,0,49,7,2,0,3065,1593,0,0,0,0,60,97,0,0,0,0,0,9,0,0,0,0,1,0,53,0,0,0,1,4,5,8,0,4
 Text Embedding ,0,0,0,3,0,0,0,6,5,1,0,3,0,31,1,0,1,0,0,0,14,1,12,0,3,2,0,0,0,0,44,0,0,8,1,0,0,0,2,0,0,10,1,0,0,3,0,0,19,0,0,0,3,38,0,0,35,0,0,2,0,0,0,0,0,0,2,0,0,28,1,6,0,1,0,0,0,0,1,0,0,0,0,0,0,0,0,0,0,0,0,8,0,3,0,0,0,1,0,0,3,0,0,0,42,0,0,0,0,24,0,1,0,0,5,0,1,0,0,0,0,0,2,0,0,0,0,8,0,0,0,4,2
 Deep Neural Net ,0,0,0,0,0,0,0,1,0,0,0,0,0,3,0,0,0,0,0,0,0,0,0,0,0,0,0,0,0,0,0,0,0,0,0,0,0,0,0,0,0,0,0,0,0,0,0,0,0,0,0,0,0,12,0,0,2,0,0,1,0,0,0,0,0,0,1,0,0,0,1,3,0,0,0,0,0,0,0,0,0,0,1,0,0,0,0,0,0,0,0,0,0,2,0,0,0,0,0,0,2,0,0,0,8,0,0,0,0,2,0,0,0,0,2,0,0,0,0,0,0,0,0,1,0,0,0,0,0,0,0,0,0
 High Performance Computing ,13,0,0,87,10,2,118,86,0,2,5,0,405,96,2,0,0,0,0,2,36,7,1,0,36,5,5,0,0,0,3,0,0,3,0,9,0,0,3,15,131,1,272,0,0,0,7,1,6,13,0,0,0,48,1,33,11,0,3,6,0,0,1,160,8,14,5,85,0,1,0,2,16,0,2,55,156,0,0,18,68,9,12,14,2,0,8,0,7,0,8,40,1,10,0,5,0,0,0,5,7,2,1,15,167,0,7,65,0,100,0,10,0,5,186,12,4,1,1,0,0,0,0,19,0,11,18,52,247,8,1,0,1
 Boltzmann Machine ,0,0,0,0,0,0,4,9,0,0,0,0,0,37,1,0,0,0,0,0,17,1,0,0,5,5,0,0,3,0,1,0,0,21,0,0,0,0,7,0,0,0,0,0,0,0,0,0,4,0,0,0,0,54,0,0,7,0,2,1,0,0,0,0,0,0,2,1,0,9,0,4,2,1,2,0,0,0,0,1,2,0,1,0,0,0,0,0,3,0,0,5,0,0,0,0,0,0,1,2,9,0,0,1,45,0,0,1,0,35,0,2,0,0,2,0,4,0,0,2,0,0,0,5,0,0,0,2,4,1,0,0,0
 Computer Vision ,1,20,1,14,2,14,31,428,1,26,1,8,4,1591,18,8,0,4,0,0,450,75,4,0,295,33,1,302,7,0,61,0,0,37,0,46,1,22,13,1,3,2,36,3,13,2,7,182,49,24,0,2,12,712,3,9,1024,0,82,24,136,0,0,8,12,0,39,33,0,76,14,63,10,19,31,0,3,0,12,867,112,8,528,31,50,119,0,0,116,0,442,256,19,196,0,0,0,0,56,949,478,25,2,940,3337,1,0,48,0,667,47,1,0,0,69,0,86,0,53,0,1,19,5,0,10,4,0,67,56,408,49,3,31
 Loss Functions ,0,1,0,3,0,0,0,4,0,0,1,0,0,52,5,0,0,0,0,0,21,3,4,0,33,1,0,0,2,0,5,0,0,4,0,20,0,0,1,0,0,4,1,0,0,0,0,0,5,1,0,0,0,39,0,0,48,0,0,2,0,0,0,1,1,0,4,0,0,9,0,2,2,0,1,1,0,0,4,2,0,0,6,0,0,0,0,0,3,0,1,4,11,8,0,0,0,0,2,6,3,0,0,5,41,0,0,0,0,42,0,0,0,0,4,0,16,0,0,0,0,0,0,10,0,1,0,4,0,3,0,0,45
 Data Science ,0,1,0,35,0,8,3,42,0,4,1,0,3,88,2,0,0,1,0,0,29,17,6,0,57,2,0,0,0,0,11,0,0,3,1,1,0,0,1,2,4,1,17,0,1,4,4,0,5,1,0,0,0,26,0,5,9,0,4,4,0,0,0,4,3,3,2,0,0,8,0,0,1,3,0,1,8,1,4,3,8,0,12,0,0,0,0,0,20,0,3,44,13,3,0,0,1,0,1,1,8,6,0,10,179,0,5,2,0,225,0,1,0,1,298,1,5,0,0,0,0,11,0,4,1,0,1,103,1,2,1,1,0
 IaaS ,0,0,1,73,0,2,2,10,0,0,2,0,5,11,0,0,0,0,0,0,3,1,0,0,5,0,1,0,0,0,0,0,0,0,0,0,0,0,0,7,14,0,594,0,0,0,4,0,0,1,0,0,0,1,0,2,0,0,0,6,0,0,0,12,0,4,0,2,0,0,0,0,4,1,0,2,101,0,0,3,7,6,0,2,0,0,3,0,0,4,0,4,0,0,0,6,0,0,0,0,0,0,0,1,28,0,3,1,0,11,0,0,0,134,14,115,0,0,0,0,0,18,0,0,0,1,0,1,0,0,1,0,0
 Data Mining ,1,68,0,232,0,25,41,1767,9,113,2,15,16,3018,32,1,47,0,0,0,832,353,79,0,1004,180,5,3,1,0,193,4,0,99,1,3,1,1,6,3,50,41,165,4,4,19,190,7,268,15,0,0,0,120,0,66,31,0,12,21,10,0,0,77,17,7,16,32,0,38,0,31,46,19,47,9,41,6,24,49,406,7,352,62,1,7,5,0,264,1,21,1825,44,35,0,6,1,1,7,11,234,129,13,58,3854,0,17,12,1,1886,0,5,0,2,878,9,160,0,1,8,0,52,2,67,4,103,1,0,27,23,2,28,9
 GPU ,2,0,0,5,4,1,18,23,0,1,3,0,63,84,0,0,0,0,0,0,30,4,0,0,21,2,0,7,0,0,1,0,0,2,0,3,0,1,1,0,3,1,41,0,2,0,3,9,5,7,0,0,2,55,0,1,63,0,4,2,3,0,0,21,2,0,2,48,0,14,1,5,3,1,10,5,20,0,0,25,9,2,29,4,0,0,0,0,8,1,21,17,1,18,0,0,0,0,1,35,24,2,1,43,121,0,0,67,0,53,1,17,0,0,61,0,3,0,4,0,0,247,4,56,0,1,0,27,0,36,4,0,2
 Image Segmentation ,0,28,0,10,3,0,54,335,1,9,0,0,0,1402,18,5,3,0,0,0,273,117,0,0,115,32,0,24,0,0,5,0,0,35,0,16,0,2,4,0,0,0,8,0,25,0,1,34,6,24,0,0,13,194,0,6,351,0,23,3,15,0,1,0,24,0,40,19,0,18,0,10,87,7,21,2,0,0,1,81,128,1,187,18,6,11,0,0,73,1,87,664,12,169,0,0,0,0,17,249,282,16,1,99,2067,0,0,7,1,279,9,3,0,0,21,0,53,0,5,0,0,8,1,408,3,2,0,23,36,0,7,1,9
 UGV ,0,3,11,4,0,7,15,17,0,2,0,0,0,79,0,34,0,0,0,0,16,4,0,0,9,1,0,16,1,0,5,0,0,1,0,4,0,0,1,3,0,0,11,0,1,1,0,147,0,4,0,0,0,83,0,2,68,0,5,22,2,0,0,4,1,0,2,2,0,7,0,4,17,0,1,0,3,0,0,384,24,5,4,9,3,1,0,0,3,0,199,11,0,5,0,3,0,0,4,28,9,1,0,274,484,0,0,4,2,62,46,0,0,1,30,0,6,0,8,0,0,1,0,49,0,1,1,2,4,7,0,0,0
 Entity Recognition ,0,0,0,4,0,1,0,23,10,1,0,16,0,56,6,0,0,0,0,0,26,2,15,0,1,1,0,0,0,0,208,0,1,7,0,0,0,3,0,0,1,4,2,0,0,4,2,0,58,0,0,0,0,32,0,1,5,1,0,0,0,0,0,1,0,0,1,0,0,31,0,18,0,4,1,0,0,12,0,4,3,0,2,0,1,0,0,0,1,0,0,8,1,0,0,0,0,0,4,2,5,1,0,0,94,0,0,0,0,113,0,0,0,0,17,2,5,0,0,4,0,0,0,3,0,1,0,28,0,1,0,0,0
 Loss Function ,0,1,0,3,0,0,4,21,5,1,0,6,0,136,15,0,1,0,0,0,46,9,1,0,71,7,0,15,3,0,11,0,0,11,0,32,0,2,8,1,0,0,0,4,6,0,0,6,5,0,0,0,9,158,0,2,162,0,3,7,0,0,0,0,1,0,18,0,0,41,1,12,2,1,5,0,0,0,11,15,2,0,27,1,0,1,0,0,5,0,1,13,18,14,0,0,0,0,8,17,20,1,1,20,116,1,0,0,0,88,0,0,0,0,10,0,24,0,4,2,0,1,0,31,45,0,0,9,2,9,0,0,0
